{
	"pages": [ //pages数组中第一项表示应用启动页，参考：https://uniapp.dcloud.io/collocation/pages
	{
			"path":"pages/login/login"
			}
		    ,{
	            "path" : "pages/index/index",
	            "style" : {}
	        }
	        ,{
	            "path" : "pages/user/user",
	            "style" : {}
	        }
	        ,{
	            "path" : "pages/my-curriculum/my-curriculum",
	            "style" : {}
	        }
	    ],
		"tabBar":{
			"color":"#515151",
			"selectedColor":"#33c9ff",
			"list":[
				{
					"pagePath":"pages/index/index",
					"iconPath":"static/img/home-1.png",
					"selectedIconPath":"static/img/home-2.png",
					"text":"首页"
				},
				{
					"pagePath":"pages/my-curriculum/my-curriculum",
					"iconPath":"static/img/calendar-1.png",
					"selectedIconPath":"static/img/calendar-2.png",
					"text":"课程表"
				},
				{
					"pagePath":"pages/index/index",
					"iconPath":"static/img/people-1.png",
					"selectedIconPath":"static/img/people-2.png",
					"text":"我的"
				}
			]
		},
		
		"globalStyle": {
			"navigationBarTextStyle": "blue",
			"navigationBarTitleText": "欢迎使用Next学院",
			"navigationBarBackgroundColor": "#FFFFFF",
			"backgroundColor": "#FFFFFF"
		}
}